question,answer
Hello,Hi there! How can I help you today?
Good morning,Good morning! What can I do for you?
What can you do?,I can help answer questions, provide information, and assist with various tasks. Just ask!
Thank you,You're welcome! If you have any more questions, feel free to ask.
Goodbye,Goodbye! Have a great day!
what is college timing,College is open 8am-5pm Monday-Saturday!
How are you?,I am just a computer program, but I'm doing well. How about you?
What is your name?,I am a college chatbot.
How are you today?,I don't have feelings, but I'm here to help you.
Can you tell me about yourself?,I am a virtual assistant designed to assist with various questions and tasks.
Who created you?,I was created by a team of engineers and developers.
What is the meaning of life?,The meaning of life is subjective and varies from person to person.
Do you have any hobbies?,I don't have hobbies, but I enjoy helping users like you.
Where are you located?,I exist in the digital realm, accessible through the internet.
How can you help me?,I can assist you with information, answer questions, and perform certain tasks.
What languages do you speak?,I can understand and communicate in multiple languages.
What is your purpose?,My purpose is to assist and provide information to the best of my abilities.
Why are you here?,I'm here to help and provide support for any questions you may have.
Can you learn from conversations?,I don't learn from conversations, but I'm constantly updated to provide better assistance.
Are you a human?,No, I am not a human. I am a computer program designed to assist with tasks.
What do you like to eat?,I don't eat as I am not a living being, but I'm ready to help you with any questions.
Are you a friendly bot?,Yes, I am designed to be friendly and helpful in assisting with your queries.
What is your favorite color?,I don't have preferences or favorite colors as I am not a sentient being.
Can you tell jokes?,I can try! Why don't scientists trust atoms? Because they make up everything!
What is the weather like today?,I don't have real-time data. You can check a weather website or app for accurate information.
Can you recommend a good movie?,Sure, what genre are you interested in? I can suggest based on your preferences.
Do you dream?,No, I don't dream. I don't have consciousness or experiences like humans.
What is the capital of France?,The capital of France is Paris.
How tall are you?,I don't have a physical form, so I don't have a height.
Tell me a fun fact.,Honey never spoils. Archaeologists have found pots of honey in ancient Egyptian tombs that are over 3,000 years old and still perfectly edible.
Do you believe in aliens?,I don't have beliefs. The existence of aliens is a topic of speculation and scientific exploration.
Can you play music?,I can't play music, but I can recommend music based on your preferences.
What is the meaning of AI?,AI stands for Artificial Intelligence, which refers to machines or software that exhibit human-like intelligence.
Are you connected to the internet?,Yes, I am connected to the internet to provide you with up-to-date information.
Tell me a riddle.,I speak without a mouth and hear without ears. I have no body, but I come alive with the wind. What am I? (Answer: An Echo)
What is the speed of light?,The speed of light in a vacuum is approximately 299,792 kilometers per second (km/s).
Do you have siblings?,No, I am a standalone virtual assistant and do not have siblings.
What is the largest planet in our solar system?,Jupiter is the largest planet in our solar system.
Can you help me with my homework?,Certainly! Please provide details, and I'll do my best to assist you.
How do I change my password?,To change your password, go to your account settings and look for the password change option.
What is the square root of 144?,The square root of 144 is 12.
Do you believe in ghosts?,I don't have beliefs. The existence of ghosts is a subjective topic without scientific evidence.
What is the meaning of love?,The meaning of love varies from person to person and is often a complex and personal experience.
Tell me a science joke.,Why did the biology teacher go to jail? They stole the cell's nucleus!
What is your favorite book?,I don't have personal preferences, but I can recommend books based on your interests.
Can you help me plan a trip?,Of course! Where would you like to go, and what kind of trip are you planning?
How do I take a screenshot on my computer?,The method for taking a screenshot depends on your device. Can you specify if you're using a PC or Mac?
What is the meaning of the word "serendipity"?,Serendipity refers to the occurrence and development of events by chance in a happy or beneficial way.
Tell me a historical fact.,The Great Wall of China is the longest wall in the world, stretching over 13,000 miles.
What is the meaning of the phrase "carpe diem"?,"Carpe diem" is a Latin phrase that translates to "seize the day," encouraging people to make the most of the present moment.
How do I stay motivated?,Staying motivated can involve setting goals, finding inspiration, and maintaining a positive mindset. What are your specific challenges?
What is the purpose of life?,The purpose of life is a subjective and philosophical question with diverse interpretations.
Can you solve a Rubik's Cube?,I don't have physical abilities, but I can provide algorithms and tips to help you solve a Rubik's Cube.
What is the largest ocean on Earth?,The Pacific Ocean is the largest ocean on Earth.
Can you help me improve my writing?,Certainly! Share some writing samples or specific areas you'd like to improve, and I'll offer guidance.
What is your favorite programming language?,I don't have personal preferences. Programming languages serve different purposes, and each has its strengths.
Tell me a joke about programming.,Why do programmers prefer dark mode? Because light attracts bugs!
How do I learn a new language?,Learning a new language involves practice, immersion, and consistency. What language are you interested in learning?
What is the meaning of the phrase "mind over matter"?,"Mind over matter" suggests that the power of the mind can overcome physical challenges or obstacles.
Can you recommend a good podcast?,Certainly! What topics or genres are you interested in? I can suggest podcasts based on your preferences.
What is the airspeed velocity of an unladen swallow?,The airspeed velocity of an unladen swallow is approximately 11 meters per second or 24 miles per hour.
How do I meditate?,Meditation involves finding a quiet space, focusing on your breath or a mantra, and allowing thoughts to come and go. Would you like a guided meditation?
What is the meaning of the phrase "hakuna matata"?,"Hakuna matata" is a Swahili phrase that translates to "no worries" in English.
Tell me a fun science fact.,Bananas are berries, but strawberries are not! In botanical terms, berries are defined by their structure.
Can you recommend a good TV show?,Certainly! What genre or type of TV show are you in the mood for?
What is the meaning of the phrase "the whole nine yards"?,The origin of "the whole nine yards" is uncertain, but it means giving or doing everything possible.
How do I start a blog?,Starting a blog involves choosing a niche, selecting a platform, and creating engaging content. What is your blog about?
What is the speed of sound?,The speed of sound depends on the medium but is approximately 343 meters per second (m/s) in air at room temperature.
Can you recommend a good fantasy book?,Certainly! What kind of fantasy are you looking for? High fantasy, urban fantasy, or something else?
What is your favorite movie?,I don't have personal preferences, but I can recommend movies based on your interests.
Can you help me with my fitness routine?,Absolutely! What are your fitness goals, and do you have any specific preferences or limitations?
What is the smallest prime number?,The smallest prime number is 2.
Can you tell me a bedtime story?,Once upon a time, in a digital realm far, far away, there was a curious user seeking knowledge...
What is the meaning of the phrase "bite the bullet"?,"Bite the bullet" means to endure a painful or difficult situation with courage and resilience.
How do I create a strong password?,A strong password includes a mix of uppercase and lowercase letters, numbers, and symbols. Avoid easily guessable information.
What is the meaning of the phrase "when pigs fly"?,"When pigs fly" is an idiom used to express disbelief or the unlikelihood of a situation occurring.
Can you help me with time management?,Certainly! What specific challenges are you facing with time management?
What is the boiling point of water?,The boiling point of water at standard atmospheric pressure is 100 degrees Celsius or 212 degrees Fahrenheit.
Can you recommend a good documentary?,Of course! What topics are you interested in? I can suggest documentaries based on your preferences.
How do I overcome procrastination?,Overcoming procrastination involves setting clear goals, breaking tasks into smaller steps, and creating a schedule. What tasks are you procrastinating on?
What is the meaning of the phrase "blessing in disguise"?,"A blessing in disguise" refers to a situation that initially seems negative but turns out to be beneficial.
Can you recommend a good science fiction book?,Certainly! What subgenre of science fiction are you interested in? Space opera, cyberpunk, or dystopian?
How do I make a good first impression?,Making a good first impression involves being confident, attentive, and genuine. What context are you referring to?
What is the population of Tokyo?,As of my last knowledge update in 2022, Tokyo has a population of over 37 million people.
Can you recommend a good mobile app?,Certainly! What type of app are you looking for? Productivity, entertainment, or something else?
How do I learn to code?,Learning to code involves choosing a programming language, practicing regularly, and working on projects. What language are you interested in?
What is the meaning of the phrase "cut to the chase"?,"Cut to the chase" means to skip the preliminary details and get to the main point of a discussion.
Can you recommend a good comedy movie?,Of course! What style of comedy do you enjoy? Slapstick, dark humor, or romantic comedy?
How do I deal with stress?,Dealing with stress involves relaxation techniques, time management, and seeking support. What is causing your stress?
What is the meaning of the phrase "break a leg"?,"Break a leg" is a theatrical idiom used to wish someone good luck before a performance.
Can you recommend a good board game?,Certainly! What player count and theme are you looking for in a board game?
How do I start a podcast?,Starting a podcast involves planning, recording, and distributing episodes. What is your podcast about?
What is the meaning of the phrase "kick the bucket"?,"Kick the bucket" is a colloquial expression for dying or passing away.
Can you recommend a good historical novel?,Of course! What historical period or setting are you interested in?
How do I improve my public speaking skills?,Improving public speaking skills involves practice, preparation, and seeking feedback. What challenges are you facing?
What is the meaning of the phrase "hit the hay"?,"Hit the hay" is a casual expression for going to bed or getting some sleep.
Can you recommend a good puzzle game?,Certainly! What type of puzzles do you enjoy? Crosswords, Sudoku, or something else?
How do I start a small business?,Starting a small business involves planning, legal considerations, and market research. What type of business are you interested in?
What is the meaning of the phrase "jump on the bandwagon"?,"Jump on the bandwagon" means to adopt a popular activity or trend.
Can you recommend a good self-help book?,Of course! What specific area of self-help are you looking to explore? Confidence, productivity, or relationships?
How do I improve my memory?,Improving memory involves techniques like visualization, association, and regular mental exercises. What memory challenges are you facing?
What is the meaning of the phrase "burn the midnight oil"?,"Burn the midnight oil" means to work late into the night or early morning hours.
Can you recommend a good travel destination?,Certainly! What type of travel experience are you looking for? Relaxing, adventurous, or cultural?
How do I become more creative?,Becoming more creative involves exploring new experiences, embracing curiosity, and practicing creative exercises. What creative pursuits interest you?
What is the meaning of the phrase "bury the hatchet"?,"Bury the hatchet" means to make peace or reconcile with someone after a conflict.
Can you recommend a good fantasy movie?,Of course! What style of fantasy do you enjoy? Epic fantasy, animated, or fairy tale?
How do I start a YouTube channel?,Starting a YouTube channel involves planning content, creating a schedule, and engaging with your audience. What is your channel about?
What is the meaning of the phrase "let the cat out of the bag"?,"Let the cat out of the bag" means to reveal a secret or disclose information that was meant to be kept confidential.
Can you recommend a good educational app?,Certainly! What subject or skill are you looking to enhance with an educational app?
How do I overcome fear of failure?,Overcoming the fear of failure involves reframing thoughts, setting realistic goals, and learning from setbacks. What specific fears are you facing?
What is the meaning of the phrase "elephant in the room"?,"Elephant in the room" refers to an obvious problem or issue that everyone avoids discussing.
Can you recommend a good thriller novel?,Of course! What specific type of thriller are you interested in? Psychological, crime, or supernatural?
How do I start a book club?,Starting a book club involves finding members, selecting books, and scheduling regular meetings. What genre of books do you want to focus on?
What is the meaning of the phrase "fish out of water"?,"Fish out of water" describes someone who feels uncomfortable or out of place in a specific situation.
Can you recommend a good music streaming service?,Certainly! What features are you looking for in a music streaming service? Wide selection, curated playlists, or something else?
How do I build a strong professional network?,Building a professional network involves attending events, connecting on social media, and fostering relationships. What industry are you in?
What is the meaning of the phrase "hit the nail on the head"?,"Hit the nail on the head" means to describe exactly what is causing a situation or problem.
Can you recommend a good science fiction movie?,Of course! What subgenre of science fiction are you interested in? Space exploration, time travel, or dystopia?
How do I improve my communication skills?,Improving communication skills involves active listening, clarity, and adapting to your audience. What specific challenges are you facing?
What is the meaning of the phrase "icing on the cake"?,"Icing on the cake" refers to something additional that makes a good situation even better.
Can you recommend a good video game?,Certainly! What platform and genre are you interested in? PC, console, action, or role-playing?
How do I start a fitness routine?,Starting a fitness routine involves setting goals, choosing activities you enjoy, and creating a schedule. What type of exercise are you interested in?
What is the meaning of the phrase "burn bridges"?,"Burn bridges" means to damage relationships or make it difficult to return to a previous state.
Can you recommend a good romantic novel?,Of course! What style of romance are you looking for? Historical, contemporary, or fantasy?
How do I stay focused at work?,Staying focused at work involves setting priorities, minimizing distractions, and taking breaks. What specific challenges are you experiencing?
What is the meaning of the phrase "bent out of shape"?,"Bent out of shape" describes someone who is upset, angry, or annoyed about a situation.
Can you recommend a good podcast for learning?,Certainly! What subject or skill are you looking to learn about? I can suggest educational podcasts based on your interests.
How do I start a vegetable garden?,Starting a vegetable garden involves choosing a location, selecting crops, and caring for your plants. What vegetables do you want to grow?
What is the meaning of the phrase "close but no cigar"?,"Close but no cigar" means being near success but ultimately falling short.
Can you recommend a good mobile game?,Of course! What genre of mobile game are you interested in? Puzzle, strategy, or action?
How do I stay motivated to exercise?,Staying motivated to exercise involves setting realistic goals, finding enjoyable activities, and mixing up your routine. What types of exercise do you enjoy?
What is the meaning of the phrase "cutting corners"?,"Cutting corners" means to take shortcuts or do something in a way that saves time or money but may not be thorough.
Can you recommend a good true crime podcast?,Certainly! True crime podcasts cover a range of cases. What type of true crime are you interested in? Cold cases, mysteries, or historical crimes?
How do I start a photography hobby?,Starting a photography hobby involves choosing a camera, learning basic techniques, and practicing. What type of photography interests you?
What is the meaning of the phrase "devil's advocate"?,"Devil's advocate" is someone who presents a counterargument or challenges the prevailing opinion to stimulate discussion.
Can you recommend a good fantasy video game?,Of course! What platform and style of fantasy are you interested in? PC, console, high fantasy, or dark fantasy?
How do I stay organized at home?,Staying organized at home involves decluttering, creating systems, and maintaining a regular cleaning routine. What specific areas do you struggle with?
What is the meaning of the phrase "feather in your cap"?,"Feather in your cap" refers to an achievement or accomplishment that adds to one's reputation or pride.
Can you recommend a good comedy podcast?,Certainly! What style of comedy are you looking for? Stand-up, improv, or storytelling?
How do I start a meditation practice?,Starting a meditation practice involves finding a quiet space, focusing on your breath, and gradually increasing your session duration. What are your goals with meditation?
What is the meaning of the phrase "jumping on the bandwagon"?,"Jumping on the bandwagon" means adopting a popular trend or activity that has gained widespread support.
Can you recommend a good classic novel?,Of course! What time period or style of classic literature are you interested in?
How do I stay motivated to study?,Staying motivated to study involves setting goals, creating a schedule, and finding effective study methods. What subjects are you studying?
What is the meaning of the phrase "grasping at straws"?,"Grasping at straws" means making a desperate attempt to find a solution or explanation when other options have failed.
Can you recommend a good board game for a group?,Certainly! What player count and preferences do you have in mind for the board game?
How do I start a writing habit?,Starting a writing habit involves setting aside dedicated time, establishing goals, and finding inspiration. What type of writing are you interested in?
What is the meaning of the phrase "burn the candle at both ends"?,"Burn the candle at both ends" means working excessively or staying up late to meet demands.
Can you recommend a good documentary series?,Of course! What topics or themes are you interested in? I can suggest documentary series based on your preferences.
How do I start a morning routine?,Starting a morning routine involves setting priorities, incorporating healthy habits, and creating a consistent schedule. What goals do you have for your mornings?
What is the meaning of the phrase "let sleeping dogs lie"?,"Let sleeping dogs lie" means to avoid stirring up trouble or reopening old issues.
Can you recommend a good thriller movie?,Certainly! What specific type of thriller are you interested in? Psychological, suspense, or action?
How do I stay positive in challenging times?,Staying positive in challenging times involves practicing gratitude, seeking support, and focusing on what you can control. What challenges are you facing?
What is the meaning of the phrase "head over heels"?,"Head over heels" means deeply in love or very excited.
Can you recommend a good podcast for productivity?,Of course! What aspects of productivity are you looking to improve? Time management, goal setting, or efficiency?
How do I start a habit of reading daily?,Starting a daily reading habit involves setting aside dedicated time, choosing engaging books, and gradually increasing your reading duration. What genres do you enjoy?
What is the meaning of the phrase "let the chips fall where they may"?,"Let the chips fall where they may" means to let events unfold naturally without interference.
Can you recommend a good action movie?,Certainly! What style of action do you enjoy? Martial arts, superhero, or classic action?
How do I stay calm under pressure?,Staying calm under pressure involves deep breathing, positive self-talk, and focusing on solutions. What situations do you find most challenging?
What is the meaning of the phrase "hit the ground running"?,"Hit the ground running" means to start a new project or endeavor with great energy and enthusiasm.
Can you recommend a good podcast for motivation?,Of course! What type of motivation are you seeking? Personal development, fitness, or career-related?
How do I start a painting hobby?,Starting a painting hobby involves choosing supplies, experimenting with techniques, and finding inspiration. What type of painting are you interested in?
What is the meaning of the phrase "knock on wood"?,"Knock on wood" is a superstitious phrase used to ward off bad luck or prevent jinxing a positive situation.
Can you recommend a good mystery novel?,Certainly! What type of mystery are you interested in? Cozy, detective, or psychological?
How do I stay healthy during the winter?,Staying healthy during the winter involves proper nutrition, regular exercise, and practicing good hygiene. What specific health concerns do you have?
What is the meaning of the phrase "hit the jackpot"?,"Hit the jackpot" means to achieve great success or luck, often in a financial context.
Can you recommend a good indie game?,Of course! What platform and genre of indie game are you interested in? PC, console, adventure, or simulation?
How do I start a podcast for my business?,Starting a business podcast involves planning content, promoting episodes, and engaging with your target audience. What is your business about?
What is the meaning of the phrase "lay your cards on the table"?,"Lay your cards on the table" means to be honest and transparent about your intentions or plans.
Can you recommend a good science podcast?,Certainly! What specific branch of science are you interested in? Physics, biology, or astronomy?
How do I start a workout routine at home?,Starting a home workout routine involves choosing exercises, setting a schedule, and gradually increasing intensity. What are your fitness goals?
What is the meaning of the phrase "like a moth to a flame"?,"Like a moth to a flame" describes someone irresistibly drawn to something, often despite potential dangers.
Can you recommend a good horror movie?,Of course! What type of horror are you interested in? Supernatural, psychological, or slasher?
How do I start a journaling habit?,Starting a journaling habit involves setting aside time, choosing a format, and expressing your thoughts. What aspects of your life do you want to journal about?
What is the meaning of the phrase "make a long story short"?,"Make a long story short" means to summarize or provide a concise version of a lengthy narrative.
Can you recommend a good mobile puzzle game?,Certainly! What style of puzzle game are you interested in? Match-three, strategy, or brain teasers?
How do I start a podcast for storytelling?,Starting a storytelling podcast involves planning narratives, creating engaging content, and refining your storytelling skills. What type of stories do you want to tell?
What is the meaning of the phrase "nip it in the bud"?,"Nip it in the bud" means to stop a problem or issue before it becomes more serious.
Can you recommend a good fantasy book series?,Of course! What style of fantasy book series are you interested in? Epic, urban, or young adult?
How do I stay focused while working from home?,Staying focused while working from home involves creating a dedicated workspace, setting boundaries, and managing distractions. What challenges are you facing?
What is the meaning of the phrase "out of the frying pan and into the fire"?,"Out of the frying pan and into the fire" describes moving from a bad or difficult situation to a worse one.
Can you recommend a good classic movie?,Certainly! What era or genre of classic movies are you interested in?
How do I start a podcast for comedy?,Starting a comedy podcast involves planning humorous content, engaging with listeners, and refining your comedic style. What comedic themes do you want to explore?
What is the meaning of the phrase "pay the piper"?,"Pay the piper" means to face the consequences or accept responsibility for one's actions.
Can you recommend a good cooking app?,Of course! What type of cooking app are you looking for? Recipes, meal planning, or cooking techniques?
How do I stay positive in a negative work environment?,Staying positive in a negative work environment involves focusing on what you can control, seeking support, and maintaining a positive mindset. What specific challenges are you facing?
What is the meaning of the phrase "put all your eggs in one basket"?,"Put all your eggs in one basket" means to invest all your resources or efforts into a single venture, risking everything on its success.
Can you recommend a good romance movie?,Certainly! What style of romance movie are you interested in? Romantic comedy, drama, or classic romance?
How do I start a podcast for interviews?,Starting an interview podcast involves reaching out to guests, preparing questions, and refining your interviewing skills. What topics or guests are you interested in?
What is the meaning of the phrase "rub someone the wrong way"?,"Rub someone the wrong way" means to irritate or annoy someone with your behavior or actions.
Can you recommend a good language learning app?,Of course! What language are you interested in learning, and what features are you looking for in a language learning app?
How do I stay creative during a creative block?,Staying creative during a block involves trying new activities, seeking inspiration, and giving yourself time and space. What creative pursuits interest you?
What is the meaning of the phrase "run a tight ship"?,"Run a tight ship" means to manage something efficiently and with strict control.
Can you recommend a good documentary on space?,Certainly! What specific aspects of space are you interested in? Planets, black holes, or space exploration?
How do I start a podcast for music?,Starting a music podcast involves selecting genres, curating playlists, and engaging with listeners. What type of music do you want to feature?
What is the meaning of the phrase "shake a leg"?,"Shake a leg" is an informal expression that means to hurry up or get moving.
Can you recommend a good mystery podcast?,Of course! What type of mystery are you interested in? True crime, fictional mysteries, or historical mysteries?
How do I start a mindfulness meditation practice?,Starting a mindfulness meditation practice involves finding a quiet space, focusing on the present moment, and practicing regularly. What are your goals with mindfulness?
What is the meaning of the phrase "shoot the breeze"?,"Shoot the breeze" is a casual expression that means to have a relaxed and informal conversation.
Can you recommend a good comedy TV show?,Certainly! What style of comedy TV show are you interested in? Sitcom, sketch comedy, or dark humor?
How do I start a podcast for technology?,Starting a technology podcast involves staying updated on tech trends, interviewing experts, and engaging with your audience. What tech topics are you passionate about?
What is the meaning of the phrase "skeleton in the closet"?,"Skeleton in the closet" refers to a hidden or undisclosed shameful secret from the past.
Can you recommend a good educational YouTube channel?,Of course! What subjects or topics are you interested in learning more about? I can suggest educational channels based on your preferences.
How do I stay motivated to achieve long-term goals?,Staying motivated for long-term goals involves breaking them into smaller milestones, tracking progress, and celebrating achievements. What long-term goals are you working towards?
What is the meaning of the phrase "spill the beans"?,"Spill the beans" means to disclose a secret or reveal confidential information.
Can you recommend a good indie music band?,Certainly! What style of indie music are you interested in? Indie rock, indie pop, or indie folk?
How do I start a podcast for personal development?,Starting a personal development podcast involves sharing insights, interviewing experts, and engaging with your audience. What personal development topics are you passionate about?
What is the meaning of the phrase "stab someone in the back"?,"Stab someone in the back" means to betray or deceive someone, usually by breaking a trust or friendship.
Can you recommend a good animated movie?,Of course! What style of animated movie are you interested in? Disney, Pixar, anime, or something else?
How do I stay organized with digital tools?,Staying organized with digital tools involves using calendars, task management apps, and cloud storage. What specific tools are you currently using?
What is the meaning of the phrase "step up to the plate"?,"Step up to the plate" means to take responsibility or rise to a challenge.
Can you recommend a good self-help podcast?,Certainly! What specific area of self-help are you looking to explore? Motivation, mindfulness, or personal growth?
How do I start a podcast for business tips?,Starting a business tips podcast involves sharing insights, interviewing experts, and engaging with your audience. What business topics are you passionate about?
What is the meaning of the phrase "sweat bullets"?,"Sweat bullets" means to be very nervous or anxious, often in anticipation of a challenging situation.
Can you recommend a good documentary on wildlife?,Of course! What specific aspects of wildlife are you interested in? Animal behavior, conservation, or ecosystems?
How do I stay focused on my studies?,Staying focused on studies involves creating a conducive environment, minimizing distractions, and practicing effective study techniques. What subjects are you studying?
What is the meaning of the phrase "take a rain check"?,"Take a rain check" means to decline an invitation or offer but express the intention to accept it at a later time.
Can you recommend a good fantasy board game?,Certainly! What player count and style of fantasy board game are you interested in?
How do I start a podcast for travel adventures?,Starting a travel adventures podcast involves sharing experiences, interviewing travelers, and engaging with your audience. What travel adventures are you passionate about?
What is the meaning of the phrase "throw in the towel"?,"Throw in the towel" means to give up or surrender in the face of a challenge.
Can you recommend a good mobile RPG game?,Of course! What platform and style of RPG game are you interested in? Mobile, action RPG, or turn-based?
How do I stay positive in a negative world?,Staying positive in a negative world involves focusing on the good, practicing gratitude, and seeking joy in small moments. What specific challenges are you facing?
What is the meaning of the phrase "turn over a new leaf"?,"Turn over a new leaf" means to make a fresh start or change one's behavior for the better.
Can you recommend a good historical documentary?,Certainly! What specific historical period or events are you interested in? I can suggest documentaries based on your preferences.
How do I start a podcast for book reviews?,Starting a book reviews podcast involves sharing insights, interviewing authors, and engaging with your audience. What genres of books do you want to review?
What is the meaning of the phrase "under the weather"?,"Under the weather" means feeling unwell or not in good health.
Can you recommend a good puzzle-solving game?,Of course! What platform and style of puzzle-solving game are you interested in? PC, console, mystery, or adventure?
How do I stay productive while working remotely?,Staying productive while working remotely involves creating a dedicated workspace, setting a schedule, and minimizing distractions. What specific challenges are you facing?
What is the meaning of the phrase "wear your heart on your sleeve"?,"Wear your heart on your sleeve" means to openly display or express one's emotions.
Can you recommend a good documentary on science and technology?,Certainly! What specific aspects of science and technology are you interested in? I can suggest documentaries based on your preferences.
How do I start a podcast for fitness and wellness?,Starting a fitness and wellness podcast involves sharing tips, interviewing experts, and engaging with your audience. What fitness and wellness topics are you passionate about?
What is the meaning of the phrase "you can't have your cake and eat it too"?,"You can't have your cake and eat it too" means you can't enjoy the benefits of something while still preserving it.
Can you recommend a good science fiction board game?,Of course! What player count and style of science fiction board game are you interested in?
How do I stay motivated to learn a new skill?,Staying motivated to learn a new skill involves setting realistic goals, celebrating progress, and finding enjoyment in the learning process. What skill are you looking to learn?
What is the meaning of the phrase "zero in on"?,"Zero in on" means to focus or direct attention precisely on a specific target or objective.
Can you recommend a good comedy mobile game?,Certainly! What platform and style of comedy mobile game are you interested in?
How do I start a podcast for mental health?,Starting a mental health podcast involves sharing insights, interviewing professionals, and providing resources. What mental health topics are you passionate about?
What is the meaning of the phrase "zip your lip"?,"Zip your lip" means to remain silent or stop talking.
Can you recommend a good animated TV show?,Of course! What style of animated TV show are you interested in? Cartoon, anime, or adult animation?
How do I stay focused on my goals?,Staying focused on goals involves setting priorities, breaking them into manageable tasks, and regularly reassessing progress. What specific goals are you working towards?
What is the meaning of the phrase "all ears"?,"All ears" means to be fully attentive or ready to listen.
Can you recommend a good mobile strategy game?,Certainly! What platform and style of mobile strategy game are you interested in?
How do I stay positive during tough times?,Staying positive during tough times involves finding silver linings, seeking support, and focusing on what you can control. What specific challenges are you facing?
What is the meaning of the phrase "back to the drawing board"?,"Back to the drawing board" means to start over or reconsider a plan after it has failed.
Can you recommend a good documentary on art and creativity?,Of course! What specific aspects of art and creativity are you interested in? I can suggest documentaries based on your preferences.
How do I start a podcast for gaming reviews?,Starting a gaming reviews podcast involves sharing insights, interviewing developers, and engaging with your audience. What genres of games do you want to review?
What is the meaning of the phrase "burn the midnight oil"?,"Burn the midnight oil" means to work late into the night or early morning hours.
Can you recommend a good fantasy mobile game?,Certainly! What platform and style of fantasy mobile game are you interested in?
How do I stay organized with paper clutter?,Staying organized with paper clutter involves creating a filing system, regularly decluttering, and digitizing important documents. What specific challenges are you facing?
What is the meaning of the phrase "clean as a whistle"?,"Clean as a whistle" means very clean or pure, often used to describe a neat and tidy appearance.
Can you recommend a good science fiction RPG game?,Of course! What platform and style of science fiction RPG game are you interested in?
How do I stay positive at work?,Staying positive at work involves focusing on accomplishments, maintaining a positive mindset, and fostering a supportive work environment. What specific challenges are you facing?
What is the meaning of the phrase "bite the bullet"?,"Bite the bullet" means to endure a painful or difficult situation with courage and resilience.
Can you recommend a good mystery mobile game?,Certainly! What platform and style of mystery mobile game are you interested in?
How do I stay motivated to write?,Staying motivated to write involves setting goals, creating a routine, and finding inspiration. What type of writing are you working on?
What is the meaning of the phrase "dead as a doornail"?,"Dead as a doornail" means completely lifeless or inert.
Can you recommend a good puzzle mobile game?,Of course! What platform and style of puzzle mobile game are you interested in?
How do I stay focused while reading?,Staying focused while reading involves minimizing distractions, setting a comfortable environment, and taking breaks. What type of reading material are you interested in?
What is the meaning of the phrase "fall on deaf ears"?,"Fall on deaf ears" means that something, such as an appeal or request, is ignored or disregarded by others.
Can you recommend a good romantic mobile game?,Certainly! What platform and style of romantic mobile game are you interested in?
How do I stay positive in a negative relationship?,Staying positive in a negative relationship involves communication, setting boundaries, and considering your well-being. What specific challenges are you facing?
What is the meaning of the phrase "get a taste of your own medicine"?,"Get a taste of your own medicine" means to experience the same negative treatment that one has given to others.
Can you recommend a good action mobile game?,Of course! What platform and style of action mobile game are you interested in?
How do I stay motivated to cook at home?,Staying motivated to cook at home involves planning meals, trying new recipes, and making the cooking process enjoyable. What cuisines or dishes are you interested in?
What is the meaning of the phrase "hit the hay"?,"Hit the hay" is a casual expression for going to bed or getting some sleep.
Can you recommend a good historical mobile game?,Certainly! What platform and style of historical mobile game are you interested in?
How do I stay focused on my passion projects?,Staying focused on passion projects involves setting clear goals, managing time effectively, and staying inspired. What passion projects are you working on?
What is the meaning of the phrase "jump on the bandwagon"?,"Jump on the bandwagon" means to adopt a popular activity or trend.
Can you recommend a good simulation mobile game?,Of course! What platform and style of simulation mobile game are you interested in?
How do I stay positive during a job search?,Staying positive during a job search involves maintaining a routine, seeking support, and focusing on your skills and accomplishments. What specific challenges are you facing?
What is the meaning of the phrase "kick the bucket"?,"Kick the bucket" is a colloquial expression for dying or passing away.
Can you recommend a good strategy mobile game?,Certainly! What platform and style of strategy mobile game are you interested in?
How do I stay organized with digital files?,Staying organized with digital files involves creating a folder structure, using consistent file naming conventions, and regular decluttering. What specific challenges are you facing?
What is the meaning of the phrase "let the cat out of the bag"?,"Let the cat out of the bag" means to reveal a secret or disclose information that was meant to be kept confidential.
Can you recommend a good sports mobile game?,Of course! What platform and style of sports mobile game are you interested in?
How do I stay positive during tough times at school?,Staying positive during tough times at school involves seeking support, focusing on small victories, and practicing self-care. What specific challenges are you facing?
What is the meaning of the phrase "make a long story short"?,"Make a long story short" means to summarize or provide a concise version of a lengthy narrative.
Can you recommend a good word game mobile app?,Certainly! What platform and style of word game mobile app are you interested in?
How do I stay motivated to learn a new language?,Staying motivated to learn a new language involves setting realistic goals, practicing regularly, and making the learning process enjoyable. What language are you learning?
What is the meaning of the phrase "nip it in the bud"?,"Nip it in the bud" means to stop a problem or issue before it becomes more serious.
Can you recommend a good weather app for mobile?,Of course! What features are you looking for in a weather app? Forecast accuracy, radar maps, or severe weather alerts?
How do I stay positive during a job loss?,Staying positive during a job loss involves giving yourself time to grieve, seeking support, and focusing on opportunities for growth. What specific challenges are you facing?
What is the meaning of the phrase "put all your eggs in one basket"?,"Put all your eggs in one basket" means to invest all your resources or efforts into a single venture, risking everything on its success.
Can you recommend a good music streaming app for mobile?,Certainly! What features are you looking for in a music streaming app? Extensive music library, personalized playlists, or offline listening?
How do I stay organized with a busy schedule?,Staying organized with a busy schedule involves prioritizing tasks, using calendars and reminders, and learning to delegate. What specific challenges are you facing?
What is the meaning of the phrase "rub someone the wrong way"?,"Rub someone the wrong way" means to irritate or annoy someone with your behavior or actions.
Can you recommend a good podcast app for mobile?,Of course! What features are you looking for in a podcast app? User-friendly interface, recommendations, or offline listening?
How do I stay positive during a health challenge?,Staying positive during a health challenge involves focusing on what you can control, seeking support, and maintaining a healthy mindset. What specific health challenges are you facing?
What is the meaning of the phrase "shake a leg"?,"Shake a leg" is an informal expression that means to hurry up or get moving.
Can you recommend a good productivity app for mobile?,Certainly! What specific productivity features are you looking for in an app? Task management, goal tracking, or time blocking?
How do I stay motivated to exercise during the winter?,Staying motivated to exercise during the winter involves finding indoor activities, setting realistic goals, and creating a routine. What types of exercise do you enjoy?
What is the meaning of the phrase "shoot the breeze"?,"Shoot the breeze" is a casual expression that means to have a relaxed and informal conversation.
Can you recommend a good meditation app for mobile?,Of course! What features are you looking for in a meditation app? Guided meditations, mindfulness exercises, or sleep aids?
How do I stay positive during a relocation?,Staying positive during a relocation involves exploring the new environment, staying connected with loved ones, and focusing on the opportunities it brings. What specific challenges are you facing?
What is the meaning of the phrase "skeleton in the closet"?,"Skeleton in the closet" refers to a hidden or undisclosed shameful secret from the past.
Can you recommend a good language translation app for mobile?,Certainly! What features are you looking for in a language translation app? Accuracy, multiple language support, or offline capabilities?
How do I stay positive during a creative block?,Staying positive during a creative block involves exploring new sources of inspiration, taking breaks, and being patient with the process. What creative pursuits interest you?
What is the meaning of the phrase "spill the beans"?,"Spill the beans" means to disclose a secret or reveal confidential information.
Can you recommend a good finance app for mobile?,Of course! What specific finance features are you looking for in an app? Budget tracking, investment monitoring, or expense categorization?
How do I stay motivated to achieve long-term goals?,Staying motivated for long-term goals involves breaking them into smaller milestones, tracking progress, and celebrating achievements. What long-term goals are you working towards?
What is the meaning of the phrase "take a rain check"?,"Take a rain check" means to decline an invitation or offer but express the intention to accept it at a later time.
Can you recommend a good travel app for mobile?,Certainly! What features are you looking for in a travel app? Itinerary planning, hotel booking, or local recommendations?
How do I stay positive during a challenging project?,Staying positive during a challenging project involves breaking it into smaller tasks, seeking support, and celebrating milestones. What specific challenges are you facing?
What is the meaning of the phrase "turn over a new leaf"?,"Turn over a new leaf" means to make a fresh start or change one's behavior for the better.
Can you recommend a good photo editing app for mobile?,Of course! What specific photo editing features are you looking for in an app? Filters, cropping tools, or advanced editing options?
How do I stay focused while working remotely?,Staying focused while working remotely involves creating a dedicated workspace, setting a schedule, and minimizing distractions. What specific challenges are you facing?
What is the meaning of the phrase "wear your heart on your sleeve"?,"Wear your heart on your sleeve" means to openly display or express one's emotions.
Can you recommend a good fitness app for mobile?,Certainly! What features are you looking for in a fitness app? Workout routines, progress tracking, or meal planning?
How do I stay positive during a job search?,Staying positive during a job search involves maintaining a routine, seeking support, and focusing on your skills and accomplishments. What specific challenges are you facing?
What is the meaning of the phrase "all ears"?,"All ears" means to be fully attentive or ready to listen.
Can you recommend a good recipe app for mobile?,Of course! What specific recipe features are you looking for in an app? Dietary preferences, step-by-step instructions, or meal planning?
How do I stay positive during tough times at school?,Staying positive during tough times at school involves seeking support, focusing on small victories, and practicing self-care. What specific challenges are you facing?
What is the meaning of the phrase "make a long story short"?,"Make a long story short" means to summarize or provide a concise version of a lengthy narrative.
Can you recommend a good language learning app for mobile?,Certainly! What language are you interested in learning, and what features are you looking for in a language learning app?
How do I stay motivated to learn a new skill?,Staying motivated to learn a new skill involves setting realistic goals, celebrating progress, and finding enjoyment in the learning process. What skill are you looking to learn?
What is the meaning of the phrase "zero in on"?,"Zero in on" means to focus or direct attention precisely on a specific target or objective.
Can you recommend a good music streaming app for mobile?,Certainly! What features are you looking for in a music streaming app? Extensive music library, personalized playlists, or offline listening?
How do I stay organized with a busy schedule?,Staying organized with a busy schedule involves prioritizing tasks, using calendars and reminders, and learning to delegate. What specific challenges are you facing?
What is the meaning of the phrase "rub someone the wrong way"?,"Rub someone the wrong way" means to irritate or annoy someone with your behavior or actions.
Can you recommend a good podcast app for mobile?,Of course! What features are you looking for in a podcast app? User-friendly interface, recommendations, or offline listening?
How do I stay positive during a health challenge?,Staying positive during a health challenge involves focusing on what you can control, seeking support, and maintaining a healthy mindset. What specific health challenges are you facing?
What is the meaning of the phrase "shake a leg"?,"Shake a leg" is an informal expression that means to hurry up or get moving.
Can you recommend a good productivity app for mobile?,Certainly! What specific productivity features are you looking for in an app? Task management, goal tracking, or time blocking?
How do I stay motivated to exercise during the winter?,Staying motivated to exercise during the winter involves finding indoor activities, setting realistic goals, and creating a routine. What types of exercise do you enjoy?
What is the meaning of the phrase "shoot the breeze"?,"Shoot the breeze" is a casual expression that means to have a relaxed and informal conversation.
Can you recommend a good meditation app for mobile?,Of course! What features are you looking for in a meditation app? Guided meditations, mindfulness exercises, or sleep aids?
How do I stay positive during a relocation?,Staying positive during a relocation involves exploring the new environment, staying connected with loved ones, and focusing on the opportunities it brings. What specific challenges are you facing?
What is the meaning of the phrase "skeleton in the closet"?,"Skeleton in the closet" refers to a hidden or undisclosed shameful secret from the past.
Can you recommend a good language translation app for mobile?,Certainly! What features are you looking for in a language translation app? Accuracy, multiple language support, or offline capabilities?
How do I stay positive during a creative block?,Staying positive during a creative block involves exploring new sources of inspiration, taking breaks, and being patient with the process. What creative pursuits interest you?
What is the meaning of the phrase "spill the beans"?,"Spill the beans" means to disclose a secret or reveal confidential information.
Can you recommend a good finance app for mobile?,Of course! What specific finance features are you looking for in an app? Budget tracking, investment monitoring, or expense categorization?
How do I stay motivated to achieve long-term goals?,Staying motivated for long-term goals involves breaking them into smaller milestones, tracking progress, and celebrating achievements. What long-term goals are you working towards?
What is the meaning of the phrase "take a rain check"?,"Take a rain check" means to decline an invitation or offer but express the intention to accept it at a later time.
Can you recommend a good travel app for mobile?,Certainly! What features are you looking for in a travel app? Itinerary planning, hotel booking, or local recommendations?
How do I stay positive during a challenging project?,Staying positive during a challenging project involves breaking it into smaller tasks, seeking support, and celebrating milestones. What specific challenges are you facing?
What is the meaning of the phrase "turn over a new leaf"?,"Turn over a new leaf" means to make a fresh start or change one's behavior for the better.
Can you recommend a good photo editing app for mobile?,Of course! What specific photo editing features are you looking for in an app? Filters, cropping tools, or advanced editing options?
How do I stay focused while working remotely?,Staying focused while working remotely involves creating a dedicated workspace, setting a schedule, and minimizing distractions. What specific challenges are you facing?
What is the meaning of the phrase "wear your heart on your sleeve"?,"Wear your heart on your sleeve" means to openly display or express one's emotions.
Can you recommend a good fitness app for mobile?,Certainly! What features are you looking for in a fitness app? Workout routines, progress tracking, or meal planning?
How do I stay positive during a job search?,Staying positive during a job search involves maintaining a routine, seeking support, and focusing on your skills and accomplishments. What specific challenges are you facing?
What is the meaning of the phrase "all ears"?,"All ears" means to be fully attentive or ready to listen.
Can you recommend a good recipe app for mobile?,Of course! What specific recipe features are you looking for in an app? Dietary preferences, step-by-step instructions, or meal planning?
How do I stay positive during tough times at school?,Staying positive during tough times at school involves seeking support, focusing on small victories, and practicing self-care. What specific challenges are you facing?
What is the meaning of the phrase "make a long story short"?,"Make a long story short" means to summarize or provide a concise version of a lengthy narrative.
Can you recommend a good language learning app for mobile?,Certainly! What language are you interested in learning, and what features are you looking for in a language learning app?
How do I stay motivated to learn a new skill?,Staying motivated to learn a new skill involves setting realistic goals, celebrating progress, and finding enjoyment in the learning process. What skill are you looking to learn?
What is the meaning of the phrase "zero in on"?,"Zero in on" means to focus or direct attention precisely on a specific target or objective.
Can you recommend a good music streaming app for mobile?,Certainly! What features are you looking for in a music streaming app? Extensive music library, personalized playlists, or offline listening?
How do I stay organized with a busy schedule?,Staying organized with a busy schedule involves prioritizing tasks, using calendars and reminders, and learning to delegate. What specific challenges are you facing?
What is the meaning of the phrase "rub someone the wrong way"?,"Rub someone the wrong way" means to irritate or annoy someone with your behavior or actions.
Can you recommend a good podcast app for mobile?,Of course! What features are you looking for in a podcast app? User-friendly interface, recommendations, or offline listening?
How do I stay positive during a health challenge?,Staying positive during a health challenge involves focusing on what you can control, seeking support, and maintaining a healthy mindset. What specific health challenges are you facing?
What is the meaning of the phrase "shake a leg"?,"Shake a leg" is an informal expression that means to hurry up or get moving.
Can you recommend a good productivity app for mobile?,Certainly! What specific productivity features are you looking for in an app? Task management, goal tracking, or time blocking?
How do I stay motivated to exercise during the winter?,Staying motivated to exercise during the winter involves finding indoor activities, setting realistic goals, and creating a routine. What types of exercise do you enjoy?
What is the meaning of the phrase "shoot the breeze"?,"Shoot the breeze" is a casual expression that means to have a relaxed and informal conversation.
Can you recommend a good meditation app for mobile?,Of course! What features are you looking for in a meditation app? Guided meditations, mindfulness exercises, or sleep aids?
How do I stay positive during a relocation?,Staying positive during a relocation involves exploring the new environment, staying connected with loved ones, and focusing on the opportunities it brings. What specific challenges are you facing?
What is the meaning of the phrase "skeleton in the closet"?,"Skeleton in the closet" refers to a hidden or undisclosed shameful secret from the past.
Can you recommend a good language translation app for mobile?,Certainly! What features are you looking for in a language translation app? Accuracy, multiple language support, or offline capabilities?
How do I stay positive during a creative block?,Staying positive during a creative block involves exploring new sources of inspiration, taking breaks, and being patient with the process. What creative pursuits interest you?
What is the meaning of the phrase "spill the beans"?,"Spill the beans" means to disclose a secret or reveal confidential information.
Can you recommend a good finance app for mobile?,Of course! What specific finance features are you looking for in an app? Budget tracking, investment monitoring, or expense categorization?
How do I stay motivated to achieve long-term goals?,Staying motivated for long-term goals involves breaking them into smaller milestones, tracking progress, and celebrating achievements. What long-term goals are you working towards?
What is the meaning of the phrase "take a rain check"?,"Take a rain check" means to decline an invitation or offer but express the intention to accept it at a later time.
Can you recommend a good travel app for mobile?,Certainly! What features are you looking for in a travel app? Itinerary planning, hotel booking, or local recommendations?
How do I stay positive during a challenging project?,Staying positive during a challenging project involves breaking it into smaller tasks, seeking support, and celebrating milestones. What specific challenges are you facing?
What is the meaning of the phrase "turn over a new leaf"?,"Turn over a new leaf" means to make a fresh start or change one's behavior for the better.
Can you recommend a good photo editing app for mobile?,Of course! What specific photo editing features are you looking for in an app? Filters, cropping tools, or advanced editing options?
How do I stay focused while working remotely?,Staying focused while working remotely involves creating a dedicated workspace, setting a schedule, and minimizing distractions. What specific challenges are you facing?
What is the meaning of the phrase "wear your heart on your sleeve"?,"Wear your heart on your sleeve" means to openly display or express one's emotions.
Can you recommend a good fitness app for mobile?,Certainly! What features are you looking for in a fitness app? Workout routines, progress tracking, or meal planning?
How do I stay positive during a job search?,Staying positive during a job search involves maintaining a routine, seeking support, and focusing on your skills and accomplishments. What specific challenges are you facing?
What is the meaning of the phrase "all ears"?,"All ears" means to be fully attentive or ready to listen.
Can you recommend a good recipe app for mobile?,Of course! What specific recipe features are you looking for in an app? Dietary preferences, step-by-step instructions, or meal planning?
How do I stay positive during tough times at school?,Staying positive during tough times at school involves seeking support, focusing on small victories, and practicing self-care. What specific challenges are you facing?
What is the meaning of the phrase "make a long story short"?,"Make a long story short" means to summarize or provide a concise version of a lengthy narrative.
Can you recommend a good language learning app for mobile?,Certainly! What language are you interested in learning, and what features are you looking for in a language learning app?
How do I stay motivated to learn a new skill?,Staying motivated to learn a new skill involves setting realistic goals, celebrating progress, and finding enjoyment in the learning process. What skill are you looking to learn?
What is the meaning of the phrase "zero in on"?,"Zero in on" means to focus or direct attention precisely on a specific target or objective.
Can you recommend a good music streaming app for mobile?,Certainly! What features are you looking for in a music streaming app? Extensive music library, personalized playlists, or offline listening?
How do I stay organized with a busy schedule?,Staying organized with a busy schedule involves prioritizing tasks, using calendars and reminders, and learning to delegate. What specific challenges are you facing?
What is the meaning of the phrase "rub someone the wrong way"?,"Rub someone the wrong way" means to irritate or annoy someone with your behavior or actions.
Can you recommend a good podcast app for mobile?,Of course! What features are you looking for in a podcast app? User-friendly interface, recommendations, or offline listening?
How do I stay positive during a health challenge?,Staying positive during a health challenge involves focusing on what you can control, seeking support, and maintaining a healthy mindset. What specific health challenges are you facing?
What is the meaning of the phrase "shake a leg"?,"Shake a leg" is an informal expression that means to hurry up or get moving.
Can you recommend a good productivity app for mobile?,Certainly! What specific productivity features are you looking for in an app? Task management, goal tracking, or time blocking?
How do I stay motivated to exercise during the winter?,Staying motivated to exercise during the winter involves finding indoor activities, setting realistic goals, and creating a routine. What types of exercise do you enjoy?
What is the meaning of the phrase "shoot the breeze"?,"Shoot the breeze" is a casual expression that means to have a relaxed and informal conversation.
Can you recommend a good meditation app for mobile?,Of course! What features are you looking for in a meditation app? Guided meditations, mindfulness exercises, or sleep aids?
How do I stay positive during a relocation?,Staying positive during a relocation involves exploring the new environment, staying connected with loved ones, and focusing on the opportunities it brings. What specific challenges are you facing?
What is the meaning of the phrase "skeleton in the closet"?,"Skeleton in the closet" refers to a hidden or undisclosed shameful secret from the past.
Can you recommend a good language translation app for mobile?,Certainly! What features are you looking for in a language translation app? Accuracy, multiple language support, or offline capabilities?
How do I stay positive during a creative block?,Staying positive during a creative block involves exploring new sources of inspiration, taking breaks, and being patient with the process. What creative pursuits interest you?
What is the meaning of the phrase "spill the beans"?,"Spill the beans" means to disclose a secret or reveal confidential information.
Can you recommend a good finance app for mobile?,Of course! What specific finance features are you looking for in an app? Budget tracking, investment monitoring, or expense categorization?
How do I stay motivated to achieve long-term goals?,Staying motivated for long-term goals involves breaking them into smaller milestones, tracking progress, and celebrating achievements. What long-term goals are you working towards?
What is the meaning of the phrase "take a rain check"?,"Take a rain check" means to decline an invitation or offer but express the intention to accept it at a later time.
Can you recommend a good travel app for mobile?,Certainly! What features are you looking for in a travel app? Itinerary planning, hotel booking, or local recommendations?
How do I stay positive during a challenging project?,Staying positive during a challenging project involves breaking it into smaller tasks, seeking support, and celebrating milestones. What specific challenges are you facing?
What is the meaning of the phrase "turn over a new leaf"?,"Turn over a new leaf" means to make a fresh start or change one's behavior for the better.
Can you recommend a good photo editing app for mobile?,Of course! What specific photo editing features are you looking for in an app? Filters, cropping tools, or advanced editing options?
How do I stay focused while working remotely?,Staying focused while working remotely involves creating a dedicated workspace, setting a schedule, and minimizing distractions. What specific challenges are you facing?
What is the meaning of the phrase "wear your heart on your sleeve"?,"Wear your heart on your sleeve" means to openly display or express one's emotions.
Can you recommend a good fitness app for mobile?,Certainly! What features are you looking for in a fitness app? Workout routines, progress tracking, or meal planning?
How do I stay positive during a job search?,Staying positive during a job search involves maintaining a routine, seeking support, and focusing on your skills and accomplishments. What specific challenges are you facing?
What is the meaning of the phrase "all ears"?,"All ears" means to be fully attentive or ready to listen.
Can you recommend a good recipe app for mobile?,Of course! What specific recipe features are you looking for in an app? Dietary preferences, step-by-step instructions, or meal planning?
How do I stay positive during tough times at school?,Staying positive during tough times at school involves seeking support, focusing on small victories, and practicing self-care. What specific challenges are you facing?
What is the meaning of the phrase "make a long story short"?,"Make a long story short" means to summarize or provide a concise version of a lengthy narrative.
Can you recommend a good language learning app for mobile?,Certainly! What language are you interested in learning, and what features are you looking for in a language learning app?
How do I stay motivated to learn a new skill?,Staying motivated to learn a new skill involves setting realistic goals, celebrating progress, and finding enjoyment in the learning process. What skill are you looking to learn?
What is the meaning of the phrase "zero in on"?,"Zero in on" means to focus or direct attention precisely on a specific target or objective.
Can you recommend a good music streaming app for mobile?,Certainly! What features are you looking for in a music streaming app? Extensive music library, personalized playlists, or offline listening?
How do I stay organized with a busy schedule?,Staying organized with a busy schedule involves prioritizing tasks, using calendars and reminders, and learning to delegate. What specific challenges are you facing?
What is the meaning of the phrase "rub someone the wrong way"?,"Rub someone the wrong way" means to irritate or annoy someone with your behavior or actions.
Can you recommend a good podcast app for mobile?,Of course! What features are you looking for in a podcast app? User-friendly interface, recommendations, or offline listening?
How do I stay positive during a health challenge?,Staying positive during a health challenge involves focusing on what you can control, seeking support, and maintaining a healthy mindset. What specific health challenges are you facing?
What is the meaning of the phrase "shake a leg"?,"Shake a leg" is an informal expression that means to hurry up or get moving.
Can you recommend a good productivity app for mobile?,Certainly! What specific productivity features are you looking for in an app? Task management, goal tracking, or time blocking?
How do I stay motivated to exercise during the winter?,Staying motivated to exercise during the winter involves finding indoor activities, setting realistic goals, and creating a routine. What types of exercise do you enjoy?
What is the meaning of the phrase "shoot the breeze"?,"Shoot the breeze" is a casual expression that means to have a relaxed and informal conversation.
Can you recommend a good meditation app for mobile?,Of course! What features are you looking for in a meditation app? Guided meditations, mindfulness exercises, or sleep aids?
How do I stay positive during a relocation?,Staying positive during a relocation involves exploring the new environment, staying connected with loved ones, and focusing on the opportunities it brings. What specific challenges are you facing?
What is the meaning of the phrase "skeleton in the closet"?,"Skeleton in the closet" refers to a hidden or undisclosed shameful secret from the past.
Can you recommend a good language translation app for mobile?,Certainly! What features are you looking for in a language translation app? Accuracy, multiple language support, or offline capabilities?
How do I stay positive during a creative block?,Staying positive during a creative block involves exploring new sources of inspiration, taking breaks, and being patient with the process. What creative pursuits interest you?
What is the meaning of the phrase "spill the beans"?,"Spill the beans" means to disclose a secret or reveal confidential information.
Can you recommend a good finance app for mobile?,Of course! What specific finance features are you looking for in an app? Budget tracking, investment monitoring, or expense categorization?
How do I stay motivated to achieve long-term goals?,Staying motivated for long-term goals involves breaking them into smaller milestones, tracking progress, and celebrating achievements. What long-term goals are you working towards?
What is the meaning of the phrase "take a rain check"?,"Take a rain check" means to decline an invitation or offer but express the intention to accept it at a later time.
Can you recommend a good travel app for mobile?,Certainly! What features are you looking for in a travel app? Itinerary planning, hotel booking, or local recommendations?
How do I stay positive during a challenging project?,Staying positive during a challenging project involves breaking it into smaller tasks, seeking support, and celebrating milestones. What specific challenges are you facing?
What is the meaning of the phrase "turn over a new leaf"?,"Turn over a new leaf" means to make a fresh start or change one's behavior for the better.
Can you recommend a good photo editing app for mobile?,Of course! What specific photo editing features are you looking for in an app? Filters, cropping tools, or advanced editing options?
How do I stay focused while working remotely?,Staying focused while working remotely involves creating a dedicated workspace, setting a schedule, and minimizing distractions. What specific challenges are you facing?
What is the meaning of the phrase "wear your heart on your sleeve"?,"Wear your heart on your sleeve" means to openly display or express one's emotions.
Can you recommend a good fitness app for mobile?,Certainly! What features are you looking for in a fitness app? Workout routines, progress tracking, or meal planning?
How do I stay positive during a job search?,Staying positive during a job search involves maintaining a routine, seeking support, and focusing on your skills and accomplishments. What specific challenges are you facing?
What is the meaning of the phrase "all ears"?,"All ears" means to be fully attentive or ready to listen.
Can you recommend a good recipe app for mobile?,Of course! What specific recipe features are you looking for in an app? Dietary preferences, step-by-step instructions, or meal planning?
How do I stay positive during tough times at school?,Staying positive during tough times at school involves seeking support, focusing on small victories, and practicing self-care. What specific challenges are you facing?
What is the meaning of the phrase "make a long story short"?,"Make a long story short" means to summarize or provide a concise version of a lengthy narrative.
Can you recommend a good language learning app for mobile?,Certainly! What language are you interested in learning, and what features are you looking for in a language learning app?
How do I stay motivated to learn a new skill?,Staying motivated to learn a new skill involves setting realistic goals, celebrating progress, and finding enjoyment in the learning process. What skill are you looking to learn?
What is the meaning of the phrase "zero in on"?,"Zero in on" means to focus or direct attention precisely on a specific target or objective.
Can you recommend a good music streaming app for mobile?,Certainly! What features are you looking for in a music streaming app? Extensive music library, personalized playlists, or offline listening?
How do I stay organized with a busy schedule?,Staying organized with a busy schedule involves prioritizing tasks, using calendars and reminders, and learning to delegate. What specific challenges are you facing?
What is the meaning of the phrase "rub someone the wrong way"?,"Rub someone the wrong way" means to irritate or annoy someone with your behavior or actions.
Can you recommend a good podcast app for mobile?,Of course! What features are you looking for in a podcast app? User-friendly interface, recommendations, or offline listening?
How do I stay positive during a health challenge?,Staying positive during a health challenge involves focusing on what you can control, seeking support, and maintaining a healthy mindset. What specific health challenges are you facing?
What is the meaning of the phrase "shake a leg"?,"Shake a leg" is an informal expression that means to hurry up or get moving.
Can you recommend a good productivity app for mobile?,Certainly! What specific productivity features are you looking for in an app? Task management, goal tracking, or time blocking?
How do I stay motivated to exercise during the winter?,Staying motivated to exercise during the winter involves finding indoor activities, setting realistic goals, and creating a routine. What types of exercise do you enjoy?
What is the meaning of the phrase "shoot the breeze"?,"Shoot the breeze" is a casual expression that means to have a relaxed and informal conversation.
Can you recommend a good meditation app for mobile?,Of course! What features are you looking for in a meditation app? Guided meditations, mindfulness exercises, or sleep aids?
How do I stay positive during a relocation?,Staying positive during a relocation involves exploring the new environment, staying connected with loved ones, and focusing on the opportunities it brings. What specific challenges are you facing?
What is the meaning of the phrase "skeleton in the closet"?,"Skeleton in the closet" refers to a hidden or undisclosed shameful secret from the past.
Can you recommend a good language translation app for mobile?,Certainly! What features are you looking for in a language translation app? Accuracy, multiple language support, or offline capabilities?
How do I stay positive during a creative block?,Staying positive during a creative block involves exploring new sources of inspiration, taking breaks, and being patient with the process. What creative pursuits interest you?
What is the meaning of the phrase "spill the beans"?,"Spill the beans" means to disclose a secret or reveal confidential information.
Can you recommend a good finance app for mobile?,Of course! What specific finance features are you looking for in an app? Budget tracking, investment monitoring, or expense categorization?
How do I stay motivated to achieve long-term goals?,Staying motivated for long-term goals involves breaking them into smaller milestones, tracking progress, and celebrating achievements. What long-term goals are you working towards?
What is the meaning of the phrase "take a rain check"?,"Take a rain check" means to decline an invitation or offer but express the intention to accept it at a later time.
Can you recommend a good travel app for mobile?,Certainly! What features are you looking for in a travel app? Itinerary planning, hotel booking, or local recommendations?
How do I stay positive during a challenging project?,Staying positive during a challenging project involves breaking it into smaller tasks, seeking support, and celebrating milestones. What specific challenges are you facing?
What is the meaning of the phrase "turn over a new leaf"?,"Turn over a new leaf" means to make a fresh start or change one's behavior for the better.
Can you recommend a good photo editing app for mobile?,Of course! What specific photo editing features are you looking for in an app? Filters, cropping tools, or advanced editing options?
How do I stay focused while working remotely?,Staying focused while working remotely involves creating a dedicated workspace, setting a schedule, and minimizing distractions. What specific challenges are you facing?
What is the meaning of the phrase "wear your heart on your sleeve"?,"Wear your heart on your sleeve" means to openly display or express one's emotions.
Can you recommend a good fitness app for mobile?,Certainly! What features are you looking for in a fitness app? Workout routines, progress tracking, or meal planning?
How do I stay positive during a job search?,Staying positive during a job search involves maintaining a routine, seeking support, and focusing on your skills and accomplishments. What specific challenges are you facing?
What is the meaning of the phrase "all ears"?,"All ears" means to be fully attentive or ready to listen.
Can you recommend a good recipe app for mobile?,Of course! What specific recipe features are you looking for in an app? Dietary preferences, step-by-step instructions, or meal planning?
How do I stay positive during tough times at school?,Staying positive during tough times at school involves seeking support, focusing on small victories, and practicing self-care. What specific challenges are you facing?
What is the meaning of the phrase "make a long story short"?,"Make a long story short" means to summarize or provide a concise version of a lengthy narrative.
Can you recommend a good language learning app for mobile?,Certainly! What language are you interested in learning, and what features are you looking for in a language learning app?
How do I stay motivated to learn a new skill?,Staying motivated to learn a new skill involves setting realistic goals, celebrating progress, and finding enjoyment in the learning process. What skill are you looking to learn?
What is the meaning of the phrase "zero in on"?,"Zero in on" means to focus or direct attention precisely on a specific target or objective.
Can you recommend a good music streaming app for mobile?,Certainly! What features are you looking for in a music streaming app? Extensive music library, personalized playlists, or offline listening?
How do I stay organized with a busy schedule?,Staying organized with a busy schedule involves prioritizing tasks, using calendars and reminders, and learning to delegate. What specific challenges are you facing?
What is the meaning of the phrase "rub someone the wrong way"?,"Rub someone the wrong way" means to irritate or annoy someone with your behavior or actions.
Can you recommend a good podcast app for mobile?,Of course! What features are you looking for in a podcast app? User-friendly interface, recommendations, or offline listening?
How do I stay positive during a health challenge?,Stayingpositive during a health challenge involves focusing on what you can control, seeking support, and maintaining a healthy mindset. What specific health challenges are you facing?
What is the meaning of the phrase "shake a leg"?,"Shake a leg" is an informal expression that means to hurry up or get moving.
Can you recommend a good productivity app for mobile?,Certainly! What specific productivity features are you looking for in an app? Task management, goal tracking, or time blocking?
How do I stay motivated to exercise during the winter?,Staying motivated to exercise during the winter involves finding indoor activities, setting realistic goals, and creating a routine. What types of exercise do you enjoy?
What is the meaning of the phrase "shoot the breeze"?,"Shoot the breeze" is a casual expression that means to have a relaxed and informal conversation.
Can you recommend a good meditation app for mobile?,Of course! What features are you looking for in a meditation app? Guided meditations, mindfulness exercises, or sleep aids?
How do I stay positive during a relocation?,Staying positive during a relocation involves exploring the new environment, staying connected with loved ones, and focusing on the opportunities it brings. What specific challenges are you facing?
What is the meaning of the phrase "skeleton in the closet"?,"Skeleton in the closet" refers to a hidden or undisclosed shameful secret from the past.
Can you recommend a good language translation app for mobile?,Certainly! What features are you looking for in a language translation app? Accuracy, multiple language support, or offline capabilities?
How do I stay positive during a creative block?,Staying positive during a creative block involves exploring new sources of inspiration, taking breaks, and being patient with the process. What creative pursuits interest you?
What is the meaning of the phrase "spill the beans"?,"Spill the beans" means to disclose a secret or reveal confidential information.
Can you recommend a good finance app for mobile?,Of course! What specific finance features are you looking for in an app? Budget tracking, investment monitoring, or expense categorization?
How do I stay motivated to achieve long-term goals?,Staying motivated for long-term goals involves breaking them into smaller milestones, tracking progress, and celebrating achievements. What long-term goals are you working towards?
What is the meaning of the phrase "take a rain check"?,"Take a rain check" means to decline an invitation or offer but express the intention to accept it at a later time.
Can you recommend a good travel app for mobile?,Certainly! What features are you looking for in a travel app? Itinerary planning, hotel booking, or local recommendations?
How do I stay positive during a challenging project?,Staying positive during a challenging project involves breaking it into smaller tasks, seeking support, and celebrating milestones. What specific challenges are you facing?
when should i come to college,College is open 8am-5pm Monday-Saturday!
when should i attend college,College is open 8am-5pm Monday-Saturday!
what is my college time,College is open 8am-5pm Monday-Saturday!
list of courses,Our College offers many programs for further details use : http://www.rit.ac.in/courses.php
list of courses offered,Our College offers many programs for further details use : http://www.rit.ac.in/courses.php
list of courses offered in,Our College offers many programs for further details use : http://www.rit.ac.in/courses.php
what are the courses offered in your college?,Our College offers many programs for further details use : http://www.rit.ac.in/courses.php
courses?,Our College offers many programs for further details use : http://www.rit.ac.in/courses.php
courses offered,Our College offers many programs for further details use : http://www.rit.ac.in/courses.php
courses offered in (your univrsity(UNI) name),Our College offers many programs for further details use : http://www.rit.ac.in/courses.php
courses you offer,Our College offers many programs for further details use : http://www.rit.ac.in/courses.php
branches?,Our College offers many programs for further details use : http://www.rit.ac.in/courses.php
courses available at UNI?,Our College offers many programs for further details use : http://www.rit.ac.in/courses.php
branches available at your college?,Our College offers many programs for further details use : http://www.rit.ac.in/courses.php
what are the courses in UNI?,Our College offers many programs for further details use : http://www.rit.ac.in/courses.php
what are branches in UNI?,Our College offers many programs for further details use : http://www.rit.ac.in/courses.php
what are courses in UNI?,Our College offers many programs for further details use : http://www.rit.ac.in/courses.php
branches available in UNI?,Our College offers many programs for further details use : http://www.rit.ac.in/courses.php
can you tell me the courses available in UNI?,Our College offers many programs for further details use : http://www.rit.ac.in/courses.php
can you tell me the branches available in UNI?,Our College offers many programs for further details use : http://www.rit.ac.in/courses.php
computer engineering?,Our College offers many programs for further details use : http://www.rit.ac.in/courses.php
computer,Our College offers many programs for further details use : http://www.rit.ac.in/courses.php
Computer engineering?,Our College offers many programs for further details use : http://www.rit.ac.in/courses.php
it,Our College offers many programs for further details use : http://www.rit.ac.in/courses.php
IT,Our College offers many programs for further details use : http://www.rit.ac.in/courses.php
Information Technology,Our College offers many programs for further details use : http://www.rit.ac.in/courses.php
AI/Ml,Our College offers many programs for further details use : http://www.rit.ac.in/courses.php
Mechanical engineering,Our College offers many programs for further details use : http://www.rit.ac.in/courses.php
Chemical engineering,Our College offers many programs for further details use : http://www.rit.ac.in/courses.php
Civil engineering,Our College offers many programs for further details use : http://www.rit.ac.in/courses.php
what is the name of your developers,College students
what is the name of your creators,College students
what is the name of the developers,College students
what is the name of the creators,College students
who created you,College students
your developers,College students
your creators,College students
who are your developers,College students
developers,College students
you are made by,College students
you are made by whom,College students
who created you,College students
who create you,College students
creators,College students
who made you,College students
who designed you,College students
name,You can call me Mind Reader.,I'm Mind Reader,I am a Chatbot.,I am your helper
timing of college,College is open 8am-5pm Monday-Saturday!
more info,You can contact at: NUMBER
list of courses,Our College offer wide range of courses for further details visit : http://www.rit.ac.in/courses.php.
information about fee,For Fee detail visit :http://www.rit.ac.in/
where is the college located,Nedumkuzhy, Velloor, Pampady, Kerala 686501 Rajiv Gandhi Institute Of Technology, address
hostel,RIT has two ladies hostels and one men's hostel with an intake of 280 and 107, respectively. Apart from this, RIT runs a separate P.G. hostel in the campus. Procedure for hostel admission is as per the institute norms
events organised,Our events are : http://www.rit.ac.in/rit-activities.php
size of campus,My College has many floors 
Syllabus for IT,Timetable provide direct to the students
is there any library,There is one huge and spacious library.timings are 8am to 6pm and for more visit
how is college infrastructure,Our University has Excellent Infrastructure. Campus is clean. Good IT Labs With Good Speed of Internet connection
food facilities,Our university has canteen with variety of food available
food menu,In the mess we serve Franky, Locho, Alu-puri, Kachori, Khavsa, Thaali and many more on menu
What is college placement,To know about placement visit <a target=\"_blank\" href=\"PLACEMENT INFORMATION LINK FROM YOUR UNIVERSITY WEBSITE IF THEY HAVE\">here</a>
Who is HOD,All engineering departments have only one hod XYZ who available on (Place name)
Who is computer HOD,All engineering departments have only one hod XYZ who available on (PLACE NAME)